2023-24-third#203591|23-24|Third|Graphic|Black / Gold|Macron
2025-26-third#415745|25-26|Third|Sash|Red / White|Macron
2023-24-away#181835|23-24|Away|Sash|Yellow / Black|Macron
2026-27-away#511228|26-27|Away|Graphic|Red / Black / White|Macron
2025-26-away#396095|25-26|Away|Sash|Black / Red / White|Macron
2023-24-home#168611|23-24|Home|Sash|White / Red|Macron
2024-25-home#274027|24-25|Home|Sash|White / Red|Macron
2024-25-away#274028|24-25|Away|Sash|Black / Red|Macron
2025-26-home#396094|25-26|Home|Graphic|White / Red|Macron
2017-18-away#102796|17-18|Away|Hoops|Red / White|Macron
2005-06-home#154144|05-06|Home|Sash|White / Red|Naai
2000-01-away#154135|00-01|Away|Sash|Red / White|Fotex
1999-00-away#154132|99-00|Away|Sash|Red / White|Fotex
2001-02-away#154147|01-02|Away|Sash|Red / White|Fotex
2003-04-home#154128|03-04|Home|Sash|White / Red|Naai
2026-27-home#501144|26-27|Home|Diagonal|White / Red / Blue|Macron
2006-07-home#154142|06-07|Home|Sash|White / Red|Lotto
2021-22-away#102803|21-22|Away|Plain|Navy / Red|Macron
2019-20-away#102798|19-20|Away|Plain|Navy / Red / White|Macron
2001-02-home#154140|01-02|Home|Sash|White / Red|Fotex
2026-27-gk-1#513576|26-27|GK 1|Chevron|Sky blue|Macron
2025-26-gk-1#388939|25-26|GK 1|Plain|Red / Black|Macron
2025-26-gk-2#400959|25-26|GK 2|Chevron|Orange / Black|Macron
2024-25-gk#288793|24-25|GK|Plain|Yellow / Black|Macron
2024-25-gk-2#294684|24-25|GK 2|Plain|Green / White|Macron
2024-25-gk-3#407147|24-25|GK 3|Stripes|Black / Gray|Macron
2022-23-home#78167|22-23|Home|Stripes|White / Red|Macron
2022-23-away#78166|22-23|Away|Sash|Black / Gold|Macron
2021-22-home#102804|21-22|Home|Sash|White / Red|Macron
2021-22-third#102802|21-22|Third|Plain|White / Gray|Macron
2020-21-home#102801|20-21|Home|Sash|White / Red|Macron
2020-21-away#102800|20-21|Away|Plain|Navy / Red / White|Macron
2019-20-home#102799|19-20|Home|Sash|White / Red|Macron
2018-19-home#102797|18-19|Home|Sash|White / Red|Macron
2018-19-away#120774|18-19|Away|Sash|Red / White|Macron
2018-19-third#102795|18-19|Third|Plain|Blue / Red|Macron
2018-19-gk#134522|18-19|GK|Plain|Green|Macron
2017-18-third#154148|17-18|Third|Sash|Black / White|Macron
2016-17-home#173653|16-17|Home|Sash|White / Red|Zeus
2016-17-away#173652|16-17|Away|Sash|Black / Red|Zeus
2015-16-home#154131|15-16|Home|Sash|White / Red|Zeus
2015-16-away#154121|15-16|Away|Sash|Red / White|Zeus
2015-16-third#154127|15-16|Third|Sash|Black / Red|Zeus
2014-15-home#479740|14-15|Home|Sash|White / Red|Zeus
2014-15-away#479739|14-15|Away|Sash|Red / White|Zeus
2014-15-third#479738|14-15|Third|Sash|Black / Red / White|Zeus
2013-14-home#479742|13-14|Home|Sash|White / Red|Zeus
2013-14-away#479741|13-14|Away|Sash|Red / White|Zeus
2012-13-away#479743|12-13|Away|Sash|Red / White|Zeus
2012-13-third#479744|12-13|Third|Sash|White / Red|Zeus
2011-12-away#154137|11-12|Away|Half-and-half|Yellow / Navy|Zeus
2009-10-home#154134|09-10|Home|Sash|White / Red|Zeus
2009-10-away#154141|09-10|Away|Sash|Red / White|Zeus
2007-08-home#154129|07-08|Home|Sash|White / Red|Zeus
2007-08-away#154146|07-08|Away|Sash|Red / White|Zeus
2005-06-gk#154136|05-06|GK|Plain|Black / Red|Naai
2004-05-home#154133|04-05|Home|Sash|White / Red|Naai
2004-05-gk#154143|04-05|GK|Plain|Gray / Black|Naai
2003-04-away#154124|03-04|Away|Sash|Red / White|Naai
2003-04-gk#154130|03-04|GK|Plain|Blue / Black / White|Naai
2002-03-home#154138|02-03|Home|Sash|White / Red|Naai
2002-03-away#154139|02-03|Away|Sash|Red / White|Naai
2000-01-home#472046|00-01|Home|Sash|White / Red|Fotex
2000-01-gk#154122|00-01|GK|Stripes|Black / Yellow / Red|Phochix
1997-98-home#154126|97-98|Home|Sash|White / Red|Fotex
1995-96-home#154145|95-96|Home|Checkers|Red / White|In-House
1994-95-home#154125|94-95|Home|Hoops|Red / White|Pienne
1993-94-away#154123|93-94|Away|Plain|Red / White|Patrick
